{
  "name": "priority-nav",
  "title": "priority-nav",
  "version": "1.0.12",
  "main": "dist/tabtab.js",
  "description": "Priority+ pattern navigation that hides menu items if they don't fit on screen.",
  "homepage": "http://gijsroge.github.io/priority-nav.js/",
  "author": {
    "name": "Gijs Rogé",
    "url": "http://twitter.com/gijsroge"
  },
  "repository": {
    "type": "git",
    "url": "https://github.com/gijsroge/priority-navigation.git"
  },
  "keywords": [
    "priority+",
    "responsive",
    "navigation"
  ],
  "license": {
    "type": "MIT",
    "url": "https://github.com/gijsroge/priority-navigation/blob/master/LICENSE"
  },
  "bugs": {
    "url": "https://github.com/gijsroge/priority-navigation/issues"
  },
  "ignore": [
    "**/.*",
    "*.json",
    "demo/.npm/node_modules",
    "src",
    "node_modules",
    "bower_components",
    "Gruntfile.js"
  ],
  "_release": "1.0.12",
  "_resolution": {
    "type": "version",
    "tag": "1.0.12",
    "commit": "e21b941a0d4250a9bcd70106185d9c7e3dc8e22d"
  },
  "_source": "https://github.com/gijsroge/priority-navigation.git",
  "_target": "^1.0.12",
  "_originalSource": "priority-nav.js",
  "_direct": true
}